Nombre,Apellido,DNI,Telefono,Mail,Direccion
Aria,Sánchez,40370824,431588,Aria0@hotmail.com,Fillmore Lane 2547
Evelyn,Pérez,41830596,435847,Evelyn1@hotmail.com,First Avenue 1323
Hannah,Gómez,42586526,452622,Hannah2@hotmail.com,Cleveland Avenue 2402
Daniel,Allen,43557919,465326,Daniel3@hotmail.com,Clinton Street 1732
Harper,Pérez,42985607,459963,Harper4@hotmail.com,Wilson Avenue 536
Kevin,Hernández,43155847,476273,Kevin5@hotmail.com,Cedar Avenue 2801
Daniel,Wilson,41972813,443447,Daniel6@outlook.com,Forest Lane 2416
Evan,Herrera,43190137,445392,Evan7@outlook.com,Eisenhower Lane 3596
Jonathan,Castro,43474453,488893,Jonathan8@outlook.com,McKinley Street 552
Daniel,Jones,41294090,465974,Daniel9@gmail.com,Elm Street 2698
Ryan,Morales,40061667,482575,Ryan10@outlook.com,Pine Street 757
Justin,Miller,42912873,447419,Justin11@hotmail.com,Greenwood Avenue 2183
Logan,Torres,42023675,426184,Logan12@outlook.com,Forest Lane 2697
Joseph,Díaz,40092091,462650,Joseph13@outlook.com,Main Street 2250
Nora,Baker,41113881,445798,Nora14@hotmail.com,River Road 672
George,Gómez,42231982,436330,George15@outlook.com,Hayes Avenue 3355
David,Díaz,43697423,443293,David16@outlook.com,Meadow Lane 3530
Joseph,Nelson,41627467,447689,Joseph17@gmail.com,Willow Street 268
Charles,Turner,42138196,447944,Charles18@outlook.com,River Road 2363
Emma,Lee,42782567,487750,Emma19@outlook.com,Hoover Drive 415
Eleanor,Allen,40387222,487685,Eleanor20@hotmail.com,Sunset Boulevard 2521
Gianna,Smith,43509913,473182,Gianna21@gmail.com,Wilson Avenue 3843
Christopher,Hall,42520420,440628,Christopher22@hotmail.com,Truman Street 2076
Sophia,Thomas,41030044,476104,Sophia23@outlook.com,Fillmore Lane 2772
James,Anderson,42674334,467712,James24@hotmail.com,Jefferson Avenue 767
Joseph,Rodríguez,43006665,454547,Joseph25@hotmail.com,Chestnut Avenue 2148
Brandon,Vargas,40770752,478225,Brandon26@gmail.com,Adams Street 2987
Lillian,Díaz,42558051,488705,Lillian27@gmail.com,Greenwood Avenue 2502
Layla,Evans,40807695,425884,Layla28@gmail.com,Washington Avenue 523
Hazel,González,40187583,436441,Hazel29@hotmail.com,Jefferson Avenue 3314
Scarlett,Roberts,42178877,429979,Scarlett30@gmail.com,Franklin Lane 732
Mila,Campbell,43605704,469119,Mila31@gmail.com,Willow Street 1526
Aubrey,Edwards,40158124,459990,Aubrey32@hotmail.com,Park Avenue 835
Leah,Sánchez,42001262,473533,Leah33@hotmail.com,Monroe Avenue 113
Isabella,Ruiz,42390212,472314,Isabella34@outlook.com,Garfield Lane 1035
Grace,Herrera,43136858,481630,Grace35@outlook.com,Hoover Drive 908
Hannah,Hernández,43838904,441631,Hannah36@hotmail.com,Roosevelt Boulevard 595
Willow,Ramírez,40615100,444824,Willow37@gmail.com,Chestnut Avenue 2427
Everly,Torres,40654022,479787,Everly38@hotmail.com,Hoover Drive 3865
Chloe,Díaz,43004167,470764,Chloe39@gmail.com,River Road 3326
Abigail,Taylor,40290361,465024,Abigail40@outlook.com,Fillmore Lane 1037
Sophia,Fernández,40044884,433612,Sophia41@gmail.com,Cedar Avenue 257
Ryan,Taylor,43801883,487161,Ryan42@gmail.com,Clinton Street 2195
Thomas,Brown,42178712,470496,Thomas43@outlook.com,Truman Street 1686
Nicholas,Gómez,42371655,455060,Nicholas44@gmail.com,Hayes Avenue 1490
Grace,Torres,43081436,447011,Grace45@gmail.com,Valley View Road 3111
Michael,Mitchell,42791971,471248,Michael46@hotmail.com,Monroe Avenue 2917
Brian,Williams,43036567,458495,Brian47@outlook.com,Adams Street 630
Stella,Collins,40683464,470344,Stella48@gmail.com,Wilson Avenue 3006
Sofia,Díaz,40689017,486437,Sofia49@outlook.com,Hoover Drive 1904
Lily,González,41758834,453892,Lily50@hotmail.com,Sunset Boulevard 1517
Abigail,Martín,42133906,477517,Abigail51@hotmail.com,Adams Street 3865
Isabelle,Alvarez,42697827,475404,Isabelle52@hotmail.com,Broadway 645
Luna,Stewart,42650356,459617,Luna53@outlook.com,Grove Street 332
Aubrey,Vásquez,42538229,447827,Aubrey54@gmail.com,Garfield Lane 3626
William,Lee,42190044,482234,William55@hotmail.com,Meadow Lane 3021
Brooklyn,González,42140792,451587,Brooklyn56@gmail.com,Monroe Avenue 713
Brandon,Torres,40361154,429184,Brandon57@gmail.com,Greenwood Avenue 1674
Harper,Fernández,43688340,437076,Harper58@gmail.com,Grove Street 1182
Joseph,Young,42101526,437427,Joseph59@hotmail.com,Greenwood Avenue 503
Lillian,Alvarez,41088341,450144,Lillian60@gmail.com,Willow Street 2372
Isabella,Williams,41977048,449330,Isabella61@gmail.com,Lincoln Street 1790
Henry,Roberts,41906452,444747,Henry62@hotmail.com,Garfield Lane 3527
Alexander,Sánchez,41114362,478055,Alexander63@gmail.com,Chestnut Avenue 938
Michael,González,40886240,489422,Michael64@outlook.com,Meadow Lane 1667
Dylan,Edwards,40274554,441610,Dylan65@gmail.com,Franklin Lane 896
Brandon,Davis,40790715,431159,Brandon66@hotmail.com,Grove Street 315
Joseph,Rodríguez,41159061,444569,Joseph67@hotmail.com,Johnson Drive 1980
Chloe,Phillips,42014718,441332,Chloe68@gmail.com,Truman Street 1543
Logan,Martínez,43984869,452510,Logan69@outlook.com,Van Buren Avenue 2122
Dylan,Gómez,40195823,453897,Dylan70@hotmail.com,Arthur Street 2406
Lily,Ruiz,41827253,430461,Lily71@gmail.com,Pine Street 3138
Emma,Sánchez,43293366,476511,Emma72@outlook.com,Fillmore Lane 762
Aria,Pérez,40106927,466182,Aria73@outlook.com,Washington Avenue 818
Jackson,Walker,41019966,453608,Jackson74@hotmail.com,Forest Lane 2095
Amelia,Campbell,43512103,430942,Amelia75@outlook.com,Franklin Lane 1233
Nathan,Martín,43979053,435139,Nathan76@gmail.com,Hilltop Drive 1198
Penelope,Thomas,43411811,435124,Penelope77@gmail.com,River Road 3095
Grace,Thomas,41695044,443831,Grace78@outlook.com,Wilson Avenue 2709
Penelope,González,42755324,434552,Penelope79@gmail.com,Grant Lane 2175
Daniel,Torres,43655823,486903,Daniel80@outlook.com,Cedar Avenue 2678
Caleb,Díaz,42696357,429044,Caleb81@gmail.com,Chestnut Avenue 3378
Hannah,Campbell,40660250,436337,Hannah82@hotmail.com,Grant Lane 1328
Logan,Evans,42110232,446860,Logan83@hotmail.com,Fillmore Lane 713
Robert,Roberts,40740347,437968,Robert84@outlook.com,Jackson Street 860
Harper,Torres,40043048,428359,Harper85@outlook.com,Wilson Avenue 1587
Nicholas,Phillips,43338718,433009,Nicholas86@outlook.com,Birch Avenue 2476
Richard,Gómez,43955578,472203,Richard87@gmail.com,Kennedy Avenue 1463
Lillian,Evans,40728585,453722,Lillian88@outlook.com,Grove Street 2488
Andrew,Pérez,42915091,428863,Andrew89@hotmail.com,Hilltop Drive 1567
Aria,Davis,40471426,431355,Aria90@hotmail.com,Ash Avenue 1551
Ella,Ruiz,43036183,430237,Ella91@hotmail.com,Hilltop Drive 2515
Ava,Lee,43394964,425542,Ava92@outlook.com,Chestnut Avenue 414
Aria,Díaz,41463819,422000,Aria93@gmail.com,Adams Street 2230
Sebastian,Turner,42724070,435724,Sebastian94@hotmail.com,Highland Drive 3431
Joseph,González,43901049,475015,Joseph95@outlook.com,Eisenhower Lane 3865
Lillian,Ruiz,43207643,422066,Lillian96@hotmail.com,River Road 2767
Grace,Parker,43775175,436011,Grace97@gmail.com,Lakeview Drive 2293
Sebastian,Williams,40554285,476082,Sebastian98@gmail.com,Sycamore Street 1028
Caleb,King,41697661,476841,Caleb99@gmail.com,Eisenhower Lane 1206
Austin,Vásquez,40447406,465852,Austin100@hotmail.com,Highland Drive 2253
Mila,White,42229832,437975,Mila101@outlook.com,Chestnut Avenue 3251
Edward,Ruiz,41742999,467546,Edward102@outlook.com,Oak Street 86
Penelope,Moore,42636037,459566,Penelope103@hotmail.com,Jefferson Avenue 1097
Samuel,Taylor,43100023,428103,Samuel104@hotmail.com,Hayes Avenue 2747
Abigail,Gómez,41428966,456515,Abigail105@hotmail.com,Buchanan Street 797
Ella,Rodríguez,42922971,430932,Ella106@gmail.com,Willow Street 1531
Ava,Reyes,41748932,439208,Ava107@outlook.com,Taft Boulevard 657
Alexander,Phillips,40694179,421134,Alexander108@hotmail.com,Taft Boulevard 3718
Edward,Ramírez,41509664,432119,Edward109@gmail.com,Birch Avenue 2623
Hannah,Pérez,43439348,448096,Hannah110@gmail.com,Adams Street 957
Hannah,Campbell,42715481,457710,Hannah111@hotmail.com,Oak Street 2161
Nora,Díaz,40772758,458658,Nora112@hotmail.com,Sycamore Street 464
Hannah,Díaz,42621310,445216,Hannah113@outlook.com,Grant Lane 1542
Nicholas,Hill,42918372,449099,Nicholas114@gmail.com,Lincoln Street 3165
Andrew,Anderson,43826673,488771,Andrew115@outlook.com,Garfield Lane 125
Elizabeth,López,42931360,452481,Elizabeth116@hotmail.com,Monroe Avenue 525
Zoe,Sánchez,43631768,421419,Zoe117@outlook.com,Clinton Street 3868
Christopher,Brown,41541207,451570,Christopher118@gmail.com,Ash Avenue 1036
Aurora,Gómez,41065990,475334,Aurora119@hotmail.com,Eisenhower Lane 212
Dylan,Hill,41474187,445989,Dylan120@gmail.com,Cleveland Avenue 3210
Ava,Williams,41432356,449886,Ava121@hotmail.com,Valley View Road 3619
Mia,Gutiérrez,41239767,464141,Mia122@gmail.com,Park Avenue 716
William,Gutiérrez,43180917,424395,William123@outlook.com,Lakeview Drive 2388
Emma,Thomas,42862333,464067,Emma124@outlook.com,Johnson Drive 1793
Kevin,Torres,40781314,426809,Kevin125@outlook.com,Roosevelt Boulevard 3882
Lily,Herrera,42424796,487958,Lily126@outlook.com,Eisenhower Lane 712
Samuel,González,43942522,431345,Samuel127@gmail.com,Willow Street 3030
Camila,Reyes,41792183,480103,Camila128@gmail.com,Forest Lane 702
Lucas,Hernández,42306423,482638,Lucas129@hotmail.com,Buchanan Street 3817
Christopher,Díaz,43103806,420946,Christopher130@hotmail.com,Clinton Street 2899
Aria,Reyes,41963491,481435,Aria131@outlook.com,Hayes Avenue 2572
Tyler,Collins,40932711,463107,Tyler132@hotmail.com,Hayes Avenue 1200
Aria,González,43730240,447607,Aria133@outlook.com,Johnson Drive 2857
Elijah,García,41450770,432337,Elijah134@gmail.com,Maple Avenue 3625
Jackson,Fernández,42405733,454298,Jackson135@outlook.com,Grove Street 2579
Matthew,Allen,40497319,468322,Matthew136@gmail.com,Greenwood Avenue 1584
Michael,Young,42907832,440925,Michael137@outlook.com,McKinley Street 1978
Luna,Alvarez,40216195,428401,Luna138@hotmail.com,Hayes Avenue 3190
Everly,Martínez,43829458,424928,Everly139@outlook.com,Ash Avenue 1544
Elizabeth,Miller,42667167,474514,Elizabeth140@outlook.com,Arthur Street 2517
Scarlett,Gómez,42515083,463120,Scarlett141@gmail.com,Madison Street 2131
Christopher,Torres,40646614,449307,Christopher142@hotmail.com,Grant Lane 3962
Daniel,White,41684664,440463,Daniel143@hotmail.com,Broadway 2231
Dylan,Wright,41953036,469013,Dylan144@outlook.com,Hilltop Drive 2345
Emma,Hernández,40125231,447408,Emma145@outlook.com,Adams Street 701
Zoe,Mitchell,43312286,424600,Zoe146@gmail.com,Park Avenue 3838
Alexander,Ruiz,40486293,426184,Alexander147@gmail.com,Cleveland Avenue 2406
Daniel,Pérez,43169394,445395,Daniel148@gmail.com,Adams Street 1844
Sofia,Hernández,40662197,420752,Sofia149@gmail.com,Hayes Avenue 1725
Nora,Vásquez,42996632,481437,Nora150@hotmail.com,Kennedy Avenue 375
Austin,Díaz,41335616,449803,Austin151@outlook.com,Kennedy Avenue 1824
Elena,Brown,40318197,479952,Elena152@hotmail.com,Madison Street 391
Aubrey,Torres,40896130,445637,Aubrey153@hotmail.com,Jackson Street 2495
Leah,Sánchez,41405250,434958,Leah154@outlook.com,Hoover Drive 1308
Eliana,Pérez,40930404,452805,Eliana155@outlook.com,Fillmore Lane 805
Jacob,González,43148036,444238,Jacob156@hotmail.com,Washington Avenue 3726
Logan,Davis,41655007,429305,Logan157@outlook.com,Franklin Lane 776
William,Thompson,41356732,429999,William158@hotmail.com,Meadow Lane 2620
Grace,Díaz,42568999,449648,Grace159@gmail.com,Eisenhower Lane 1912
David,López,41508336,469225,David160@gmail.com,Jackson Street 767
Luna,Parker,41757791,421425,Luna161@hotmail.com,Arthur Street 2800
Nicholas,Reyes,40522275,480568,Nicholas162@gmail.com,Cleveland Avenue 2865
Daniel,Castro,43234694,426769,Daniel163@hotmail.com,Willow Street 1958
Sophia,Gómez,43261383,433719,Sophia164@gmail.com,Clinton Street 805
Camila,Lee,43933196,473341,Camila165@outlook.com,Johnson Drive 3520
Michael,Williams,43318198,456231,Michael166@gmail.com,Hoover Drive 1112
Brooklyn,Taylor,41401819,474005,Brooklyn167@gmail.com,Clinton Street 20
Nicholas,Díaz,41072946,460602,Nicholas168@outlook.com,Madison Street 3087
Edward,González,40327021,448911,Edward169@gmail.com,Lincoln Street 1015
Aubrey,Díaz,42167771,457258,Aubrey170@gmail.com,Johnson Drive 1599
Lily,Pérez,43068564,476927,Lily171@outlook.com,Forest Lane 76
Andrew,Fernández,40610450,450083,Andrew172@outlook.com,Garfield Lane 240
Ava,Díaz,41751217,463227,Ava173@hotmail.com,Wilson Avenue 1148
Emma,Díaz,41650820,462781,Emma174@hotmail.com,Sunset Boulevard 938
Sofia,Morales,43189480,479207,Sofia175@gmail.com,Valley View Road 2710
Daniel,Green,40325762,428834,Daniel176@hotmail.com,Buchanan Street 331
Jonathan,Mitchell,42986515,444234,Jonathan177@outlook.com,Meadow Lane 1311
Sofia,Nelson,41344367,457596,Sofia178@hotmail.com,Garfield Lane 2254
Benjamin,Pérez,42454585,485340,Benjamin179@outlook.com,Park Avenue 3387
Logan,Mitchell,42105160,469902,Logan180@gmail.com,Hayes Avenue 2185
Grace,Walker,43671312,475878,Grace181@outlook.com,Lincoln Street 348
Oliver,Torres,42467262,438709,Oliver182@outlook.com,Sycamore Street 1735
Caleb,Rodríguez,43571936,443288,Caleb183@outlook.com,Kennedy Avenue 3815
John,Sánchez,41530005,458891,John184@outlook.com,McKinley Street 3785
Alexander,Alvarez,42524733,421017,Alexander185@gmail.com,Washington Avenue 2515
Amelia,Sánchez,42215656,487723,Amelia186@hotmail.com,Van Buren Avenue 287
Christopher,González,40083229,441087,Christopher187@hotmail.com,Jefferson Avenue 3913
Elijah,White,42812417,466912,Elijah188@gmail.com,Jackson Street 1273
Noah,Collins,42809353,458911,Noah189@outlook.com,Birch Avenue 3634
Evelyn,Edwards,40752093,445207,Evelyn190@outlook.com,Broadway 3685
Grace,Reyes,41311326,484945,Grace191@gmail.com,Wilson Avenue 3733
Violet,Herrera,42360972,446806,Violet192@outlook.com,Meadow Lane 3523
Nora,Jones,41344295,440262,Nora193@gmail.com,Oak Street 3844
Michael,López,42897148,482644,Michael194@hotmail.com,Greenwood Avenue 732
Emma,Ruiz,40988166,440249,Emma195@outlook.com,Chestnut Avenue 3529
John,Torres,41598361,442441,John196@outlook.com,Ash Avenue 2777
Logan,Turner,40813396,483504,Logan197@outlook.com,Truman Street 3374
Aubrey,González,41850071,476484,Aubrey198@outlook.com,Taft Boulevard 2795
John,Hill,41643550,468577,John199@outlook.com,Ash Avenue 1466
Tyler,Walker,41851314,464720,Tyler200@hotmail.com,McKinley Street 1100
Lily,Díaz,43711722,460915,Lily201@gmail.com,Fillmore Lane 2251
Aubrey,Gómez,43948694,457037,Aubrey202@hotmail.com,Taft Boulevard 891
Harper,Taylor,42541374,489343,Harper203@gmail.com,Garfield Lane 3189
David,González,42437398,440883,David204@outlook.com,Broadway 705
Brian,Adams,43167829,466795,Brian205@gmail.com,Roosevelt Boulevard 1336
Emily,Green,40303163,463446,Emily206@outlook.com,Taft Boulevard 3890
Amelia,Pérez,41307119,449439,Amelia207@outlook.com,Van Buren Avenue 3398
Daniel,Torres,42375385,455085,Daniel208@gmail.com,Kennedy Avenue 3611
Eliana,Williams,41198298,445664,Eliana209@outlook.com,Buchanan Street 1491
Charles,Smith,43103071,420734,Charles210@outlook.com,Broadway 3032
Justin,Evans,43976411,487009,Justin211@hotmail.com,Sycamore Street 3629
Leah,Díaz,43957011,457928,Leah212@outlook.com,Fillmore Lane 1747
Thomas,González,41986822,421611,Thomas213@gmail.com,River Road 929
Justin,González,41382400,455280,Justin214@gmail.com,Greenwood Avenue 3477
Nova,Baker,43533900,444491,Nova215@gmail.com,Cleveland Avenue 1358
Sophia,Díaz,40418051,466902,Sophia216@hotmail.com,Hoover Drive 1670
Isabella,Hernández,43528301,483464,Isabella217@gmail.com,Monroe Avenue 3906
Jacob,Phillips,43319595,426672,Jacob218@outlook.com,Hilltop Drive 873
Amelia,Moore,43972381,476210,Amelia219@outlook.com,Buchanan Street 3459
Sebastian,Martin,40769272,459684,Sebastian220@gmail.com,Hoover Drive 3368
Ava,Torres,42031559,477334,Ava221@gmail.com,Madison Street 1795
Elena,López,43828330,488265,Elena222@outlook.com,Chestnut Avenue 198
David,Allen,41198616,440280,David223@hotmail.com,Monroe Avenue 1178
Alexander,González,43367417,448157,Alexander224@outlook.com,Park Avenue 3658
Logan,Pérez,42679786,477773,Logan225@outlook.com,Garfield Lane 3674
Tyler,Edwards,41538561,453793,Tyler226@gmail.com,Cleveland Avenue 3447
Caleb,Hall,40206957,470525,Caleb227@hotmail.com,Ash Avenue 2939
Eliana,Ruiz,42109950,430834,Eliana228@gmail.com,Pine Street 339
Dylan,Torres,42071169,427811,Dylan229@hotmail.com,Main Street 1726
Emily,Hall,43576664,434253,Emily230@gmail.com,Taft Boulevard 375
Brooklyn,Alvarez,40437929,441896,Brooklyn231@hotmail.com,Hayes Avenue 1721
Isabella,Morales,40737029,452251,Isabella232@outlook.com,Clinton Street 2978
Jacob,Martínez,40497305,473863,Jacob233@outlook.com,Cleveland Avenue 1948
Everly,Edwards,42547934,458368,Everly234@gmail.com,McKinley Street 3179
Leah,Pérez,42506239,472539,Leah235@gmail.com,Hayes Avenue 1494
Emma,Nelson,40357457,483399,Emma236@hotmail.com,Broadway 2068
David,Mitchell,43146846,429051,David237@hotmail.com,Roosevelt Boulevard 665
Lily,Díaz,43529824,461575,Lily238@hotmail.com,Cedar Avenue 1572
Justin,Moore,41857231,434860,Justin239@hotmail.com,Main Street 3194
Olivia,López,40448895,436863,Olivia240@gmail.com,Forest Lane 106
Alexander,Brown,41595631,443506,Alexander241@hotmail.com,Wilson Avenue 1283
Caleb,Nelson,43309424,425821,Caleb242@hotmail.com,Truman Street 2975
Jackson,González,40174220,474993,Jackson243@hotmail.com,First Avenue 2730
William,García,42215086,473596,William244@outlook.com,Sycamore Street 636
Caleb,Díaz,40815524,447739,Caleb245@gmail.com,Maple Avenue 3850
Andrew,González,42911259,479540,Andrew246@gmail.com,McKinley Street 367
Isabella,Rodríguez,42352463,425561,Isabella247@hotmail.com,Cleveland Avenue 2473
Austin,Nelson,41277054,454146,Austin248@outlook.com,Franklin Lane 3732
Aubrey,Torres,41076790,465593,Aubrey249@outlook.com,Park Avenue 580
Harper,Jackson,40253690,452799,Harper250@outlook.com,Sunset Boulevard 288
Layla,Castro,41624599,458887,Layla251@outlook.com,Wilson Avenue 370
Layla,Moore,40210819,485276,Layla252@hotmail.com,Highland Drive 785
Abigail,Díaz,41659757,469903,Abigail253@hotmail.com,Kennedy Avenue 1361
Emily,Harris,41990487,463631,Emily254@gmail.com,Main Street 1786
Henry,King,40701525,448668,Henry255@outlook.com,Eisenhower Lane 3148
Evan,Torres,43764353,431283,Evan256@gmail.com,Van Buren Avenue 3327
Dylan,Sánchez,40870633,462947,Dylan257@outlook.com,Taft Boulevard 3513
Austin,Johnson,41052233,429304,Austin258@outlook.com,Oak Street 1563
Sofia,Lee,42747017,485634,Sofia259@gmail.com,Park Avenue 3060
Matthew,Adams,41547822,469457,Matthew260@gmail.com,Sycamore Street 2680
Kevin,Young,42491843,479290,Kevin261@hotmail.com,Valley View Road 1761
Edward,Adams,40140755,432246,Edward262@gmail.com,Sycamore Street 3957
Logan,Díaz,40245274,440724,Logan263@gmail.com,Park Avenue 922
Nora,Miller,40842236,473497,Nora264@hotmail.com,Cleveland Avenue 495
Charlotte,Díaz,42763522,443498,Charlotte265@gmail.com,Birch Avenue 3012
Emma,Díaz,43777725,478106,Emma266@hotmail.com,Washington Avenue 625
Liam,Edwards,41726811,481020,Liam267@outlook.com,Lincoln Street 363
Madison,Williams,41070994,441255,Madison268@hotmail.com,Arthur Street 204
Scarlett,Rodríguez,40868641,463475,Scarlett269@outlook.com,First Avenue 744
Tyler,López,43008904,425369,Tyler270@gmail.com,Clinton Street 1754
Ethan,Anderson,41083381,421234,Ethan271@outlook.com,Wilson Avenue 2703
Joseph,Collins,41922646,434485,Joseph272@outlook.com,Hayes Avenue 2785
Sofia,Williams,42812218,466771,Sofia273@hotmail.com,Lincoln Street 2828
Gianna,Castro,43974392,470078,Gianna274@gmail.com,Sunset Boulevard 2263
Benjamin,Green,42777273,466500,Benjamin275@outlook.com,Monroe Avenue 2309
Tyler,Martín,43303545,477588,Tyler276@hotmail.com,Madison Street 2471
Austin,Jackson,42504072,464246,Austin277@outlook.com,Jackson Street 376
Madison,Thomas,41052650,453781,Madison278@gmail.com,Main Street 1167
Aria,Evans,42899021,450412,Aria279@outlook.com,Forest Lane 359
Elena,Gómez,41946222,486597,Elena280@outlook.com,Broadway 2706
Logan,Hernández,42220487,427885,Logan281@outlook.com,Hoover Drive 1192
Robert,Davis,42251383,445189,Robert282@hotmail.com,Meadow Lane 1962
John,Walker,40194762,425878,John283@gmail.com,Broadway 576
Ella,Martínez,40437007,421655,Ella284@gmail.com,Jackson Street 1289
Evan,King,42229669,431326,Evan285@gmail.com,Jefferson Avenue 1948
Eliana,Gutiérrez,42428922,484037,Eliana286@hotmail.com,Highland Drive 1328
John,González,40394966,484091,John287@hotmail.com,Hoover Drive 3445
Aubrey,González,43390946,473341,Aubrey288@outlook.com,Oak Street 3859
Richard,Allen,41517682,454080,Richard289@hotmail.com,Oak Street 2375
Mason,Hernández,41647610,477816,Mason290@gmail.com,Eisenhower Lane 481
Benjamin,Herrera,41966521,437797,Benjamin291@outlook.com,Forest Lane 1342
Jackson,Díaz,40400202,453375,Jackson292@gmail.com,Monroe Avenue 877
Austin,Lee,42517114,436641,Austin293@gmail.com,Pine Street 2485
Aubrey,Torres,41707127,460892,Aubrey294@hotmail.com,River Road 2601
Matthew,Martínez,41576748,469429,Matthew295@outlook.com,Jackson Street 3355
Kevin,Pérez,41146564,432698,Kevin296@gmail.com,Ash Avenue 1580
Penelope,Ramírez,42503818,441963,Penelope297@outlook.com,Highland Drive 1756
William,Jackson,40147602,447753,William298@hotmail.com,Grove Street 2509
Nicholas,Nelson,40658804,428075,Nicholas299@hotmail.com,Kennedy Avenue 3382
Madison,Mitchell,40035965,483922,Madison300@gmail.com,River Road 2196
Grace,White,41536224,459344,Grace301@outlook.com,Monroe Avenue 2942
Eliana,Young,42096631,445380,Eliana302@gmail.com,Lincoln Street 1360
Thomas,King,43733724,463258,Thomas303@outlook.com,Washington Avenue 2312
Elizabeth,Sánchez,41818269,441629,Elizabeth304@gmail.com,Lincoln Street 1130
Grace,Sánchez,40295107,436582,Grace305@outlook.com,Clinton Street 613
Brian,Ruiz,40761515,444284,Brian306@hotmail.com,Hayes Avenue 1963
James,Gómez,43687505,432615,James307@gmail.com,Fillmore Lane 2423
Samuel,Pérez,41408637,479893,Samuel308@outlook.com,Hoover Drive 3225
Michael,Evans,41419318,451522,Michael309@outlook.com,Greenwood Avenue 3648
Lillian,Martínez,41049421,488225,Lillian310@gmail.com,Meadow Lane 407
John,Torres,40844723,466393,John311@gmail.com,Lakeview Drive 430
Emily,Davis,40871441,421908,Emily312@hotmail.com,Park Avenue 3201
Lily,Gómez,42529506,435796,Lily313@outlook.com,Grant Lane 490
Olivia,Díaz,41941093,433097,Olivia314@hotmail.com,Sycamore Street 3914
Lillian,López,41404024,434689,Lillian315@hotmail.com,Franklin Lane 2608
Sophia,Gómez,43135571,484879,Sophia316@outlook.com,Grant Lane 2205
Samuel,Vargas,41571538,466948,Samuel317@outlook.com,Grant Lane 834
Leah,Díaz,43414189,471795,Leah318@hotmail.com,Park Avenue 1705
William,Martínez,40815652,454701,William319@outlook.com,Buchanan Street 1599
Brian,Brown,40962513,431961,Brian320@outlook.com,Sunset Boulevard 469
Joseph,Martin,41460806,451947,Joseph321@outlook.com,Birch Avenue 3406
Leah,Thomas,43739117,425372,Leah322@hotmail.com,Cedar Avenue 692
Charles,Torres,41519497,477787,Charles323@gmail.com,Hilltop Drive 2029
Evelyn,Díaz,43384328,430575,Evelyn324@outlook.com,Jefferson Avenue 3864
Isabelle,Harris,40202443,487453,Isabelle325@outlook.com,Adams Street 2880
Aubrey,Edwards,43200578,485982,Aubrey326@hotmail.com,Hilltop Drive 383
John,Díaz,42264918,443757,John327@outlook.com,Arthur Street 3253
Jackson,Baker,42315009,433325,Jackson328@gmail.com,Franklin Lane 3566
Brooklyn,Davis,41738669,430815,Brooklyn329@gmail.com,Hayes Avenue 2385
Jackson,Scott,42155311,426491,Jackson330@outlook.com,Maple Avenue 2332
Emma,Stewart,40449211,446080,Emma331@gmail.com,Valley View Road 2638
Abigail,Walker,41197669,478057,Abigail332@gmail.com,Arthur Street 433
Grace,Torres,40011263,435994,Grace333@hotmail.com,Pine Street 1276
Gianna,Thompson,40966276,440860,Gianna334@outlook.com,Lakeview Drive 336
Elena,Mitchell,42015470,468023,Elena335@hotmail.com,McKinley Street 3946
Mia,Davis,41647083,454939,Mia336@hotmail.com,Jefferson Avenue 1658
Aubrey,Moore,42732700,459553,Aubrey337@hotmail.com,Hoover Drive 643
Richard,Torres,40654453,440350,Richard338@outlook.com,Pine Street 233
Ethan,White,42693413,434226,Ethan339@hotmail.com,Washington Avenue 900
Aria,Herrera,43013229,427566,Aria340@hotmail.com,Cleveland Avenue 167
Brian,Carter,43438322,449571,Brian341@outlook.com,Meadow Lane 3769
Chloe,Gómez,41075002,468641,Chloe342@gmail.com,Taft Boulevard 2794
Alexander,Alvarez,40869179,446083,Alexander343@gmail.com,Valley View Road 1985
Ryan,García,43360742,453611,Ryan344@gmail.com,Clinton Street 1313
Stella,Wilson,40981044,479710,Stella345@gmail.com,Wilson Avenue 476
Layla,López,42871677,429153,Layla346@outlook.com,McKinley Street 1927
Eliana,Harris,42531869,477033,Eliana347@outlook.com,Maple Avenue 1396
Jackson,Pérez,41013069,449072,Jackson348@outlook.com,First Avenue 1240
James,Gómez,42591047,483137,James349@gmail.com,Roosevelt Boulevard 1908
Evelyn,Ramírez,43734179,483056,Evelyn350@outlook.com,Sunset Boulevard 282
Daniel,Anderson,41276837,427817,Daniel351@hotmail.com,Cleveland Avenue 502
Nova,Nelson,41636217,464585,Nova352@gmail.com,Roosevelt Boulevard 838
Luna,Ruiz,42729279,465943,Luna353@hotmail.com,Chestnut Avenue 2535
Violet,Castro,41226932,488071,Violet354@outlook.com,Fillmore Lane 1204
Anthony,Turner,42796571,469425,Anthony355@outlook.com,Washington Avenue 1330
Austin,Jackson,41532075,465074,Austin356@outlook.com,Madison Street 80
Nova,Herrera,41042780,483284,Nova357@outlook.com,McKinley Street 3256
Mia,Thompson,40170243,445577,Mia358@outlook.com,Valley View Road 1504
Nora,Davis,41198759,433338,Nora359@gmail.com,Johnson Drive 3903
Lillian,Johnson,40124389,459915,Lillian360@hotmail.com,Grant Lane 3973
Elena,Hernández,40448468,429889,Elena361@gmail.com,Sycamore Street 3106
Sophia,Hill,43232079,465333,Sophia362@gmail.com,Meadow Lane 1426
Penelope,Moore,43442793,449617,Penelope363@outlook.com,Meadow Lane 1471
Zoe,Nelson,41983612,426495,Zoe364@hotmail.com,Garfield Lane 207
Mia,Davis,42442716,456751,Mia365@hotmail.com,Monroe Avenue 2786
Penelope,González,42396570,431583,Penelope366@gmail.com,Buchanan Street 3677
Liam,Torres,43719623,432123,Liam367@outlook.com,Johnson Drive 3553
Mila,Lee,41721021,437799,Mila368@hotmail.com,Arthur Street 2884
Violet,Morales,40218825,484346,Violet369@outlook.com,Eisenhower Lane 3395
Edward,González,40212724,456476,Edward370@hotmail.com,Maple Avenue 463
Edward,White,40352896,424325,Edward371@hotmail.com,Ash Avenue 1092
John,González,40007609,431696,John372@gmail.com,Elm Street 3519
Hannah,Walker,43318939,451137,Hannah373@outlook.com,Kennedy Avenue 3115
Emma,Gómez,42349538,440439,Emma374@hotmail.com,Sunset Boulevard 3293
Elizabeth,Ruiz,41177430,467010,Elizabeth375@hotmail.com,Grove Street 2582
Mia,González,40794675,471172,Mia376@gmail.com,Lakeview Drive 2094
Nora,Hernández,40595768,460342,Nora377@outlook.com,Garfield Lane 2375
Richard,Vargas,41199352,449405,Richard378@outlook.com,Meadow Lane 2211
Sebastian,Sánchez,42515430,470095,Sebastian379@gmail.com,Johnson Drive 320
David,Adams,42907563,460222,David380@gmail.com,Taft Boulevard 2676
Hannah,Martín,40703700,480328,Hannah381@hotmail.com,Pine Street 1219
Elizabeth,Thomas,40608971,430444,Elizabeth382@outlook.com,Main Street 1751
Justin,Alvarez,41519109,429610,Justin383@gmail.com,Birch Avenue 3851
Ryan,Miller,41233721,462853,Ryan384@outlook.com,Johnson Drive 403
Dylan,Collins,42934985,440464,Dylan385@gmail.com,Willow Street 2271
Ella,Baker,40013341,479408,Ella386@hotmail.com,Madison Street 461
Sofia,Martín,40527733,486626,Sofia387@gmail.com,Monroe Avenue 1849
Aria,Martínez,43932743,488136,Aria388@gmail.com,Lincoln Street 1342
Evan,Allen,43491163,480245,Evan389@hotmail.com,Highland Drive 2997
Olivia,Díaz,41755602,437778,Olivia390@outlook.com,Pine Street 910
Nicholas,Gómez,42560215,427551,Nicholas391@hotmail.com,Grant Lane 3805
Michael,Carter,42611199,449920,Michael392@hotmail.com,Sunset Boulevard 3944
Abigail,Gómez,41581725,424528,Abigail393@hotmail.com,Maple Avenue 2558
Everly,Pérez,42082514,422996,Everly394@gmail.com,Hoover Drive 1139
Evan,Pérez,43842593,454668,Evan395@gmail.com,Chestnut Avenue 3303
Gianna,Díaz,42179598,466351,Gianna396@gmail.com,McKinley Street 248
Ryan,Torres,42804484,448679,Ryan397@hotmail.com,Garfield Lane 3664
Camila,Green,43056648,486913,Camila398@hotmail.com,Elm Street 1935
Abigail,García,43260019,460175,Abigail399@gmail.com,Johnson Drive 2470
Eleanor,Parker,40473303,468355,Eleanor400@gmail.com,Adams Street 1
Leah,González,41011577,453902,Leah401@hotmail.com,River Road 3640
Amelia,Díaz,43246353,445292,Amelia402@outlook.com,Ash Avenue 1920
Sofia,Sánchez,42056311,462956,Sofia403@outlook.com,Jefferson Avenue 2089
Grace,Lee,43657994,444768,Grace404@hotmail.com,First Avenue 490
Jackson,Phillips,41823923,470056,Jackson405@outlook.com,Taft Boulevard 2499
Penelope,Castro,41202725,469643,Penelope406@hotmail.com,Ash Avenue 3945
Jacob,Carter,43019952,426056,Jacob407@hotmail.com,Highland Drive 346
Eliana,Díaz,42981579,485894,Eliana408@outlook.com,Eisenhower Lane 2011
Ava,Turner,41716523,484533,Ava409@outlook.com,Sycamore Street 2186
Victoria,Jackson,43971348,470613,Victoria410@gmail.com,Maple Avenue 1338
Lily,Pérez,43397552,466314,Lily411@gmail.com,Johnson Drive 3503
Eleanor,Stewart,40876945,457506,Eleanor412@gmail.com,Main Street 1078
Amelia,Harris,41257644,424935,Amelia413@outlook.com,Main Street 1080
Nora,Vargas,42672536,452060,Nora414@outlook.com,Kennedy Avenue 214
Charles,Turner,40833476,467570,Charles415@gmail.com,Johnson Drive 3339
Dylan,Parker,42601174,445997,Dylan416@hotmail.com,Roosevelt Boulevard 455
Brandon,Parker,43020652,462631,Brandon417@outlook.com,Van Buren Avenue 1166
James,Ruiz,43840550,486297,James418@outlook.com,Greenwood Avenue 2873
David,Phillips,41234769,470665,David419@outlook.com,River Road 573
Henry,Turner,42121363,441163,Henry420@outlook.com,Cedar Avenue 2669
David,Martin,40150727,448711,David421@outlook.com,Ash Avenue 2701
Isabelle,Sánchez,40474152,432539,Isabelle422@hotmail.com,Truman Street 1420
Noah,González,41205679,463968,Noah423@gmail.com,Cleveland Avenue 1679
Christopher,Reyes,40267633,458063,Christopher424@gmail.com,Park Avenue 2414
Sebastian,Ramírez,43010658,423206,Sebastian425@gmail.com,Lincoln Street 939
Aubrey,Gómez,42551556,425087,Aubrey426@hotmail.com,Monroe Avenue 812
Ella,White,40459473,446947,Ella427@gmail.com,Sycamore Street 3505
Stella,López,41027771,468702,Stella428@gmail.com,Main Street 1750
Luna,Nelson,42291259,456803,Luna429@gmail.com,Forest Lane 2353
Emma,Anderson,43116190,454778,Emma430@gmail.com,Highland Drive 2914
Mila,Ruiz,43166626,488057,Mila431@outlook.com,Taft Boulevard 3689
Thomas,Ruiz,40600292,435106,Thomas432@gmail.com,Elm Street 3842
Brooklyn,Baker,42600444,437587,Brooklyn433@hotmail.com,Clinton Street 3552
Christopher,Vargas,43367086,438285,Christopher434@gmail.com,Hilltop Drive 295
Chloe,Sánchez,43827341,459319,Chloe435@gmail.com,Wilson Avenue 2851
Jonathan,Anderson,40977208,461413,Jonathan436@hotmail.com,Pine Street 1666
Amelia,Hall,43242668,464442,Amelia437@gmail.com,Grove Street 933
Eleanor,González,43565692,474019,Eleanor438@hotmail.com,Ash Avenue 901
Robert,González,41782888,450200,Robert439@gmail.com,Johnson Drive 1173
Emily,Allen,40045023,485126,Emily440@gmail.com,River Road 3799
Charles,Sánchez,43105903,436554,Charles441@gmail.com,Eisenhower Lane 2990
Matthew,Díaz,42793237,422892,Matthew442@hotmail.com,Adams Street 3045
Eleanor,Rodríguez,41986791,479382,Eleanor443@outlook.com,Truman Street 3820
Richard,Díaz,42460376,454232,Richard444@outlook.com,Buchanan Street 1653
Joseph,García,40528985,473686,Joseph445@hotmail.com,Grant Lane 969
Aiden,Gómez,43677058,457746,Aiden446@outlook.com,Main Street 3867
Dylan,Green,43297260,442982,Dylan447@hotmail.com,Valley View Road 446
David,Díaz,40600299,466271,David448@gmail.com,Chestnut Avenue 3252
Jacob,Davis,41447492,448771,Jacob449@hotmail.com,Meadow Lane 1657
Jackson,Young,40258077,459110,Jackson450@hotmail.com,Arthur Street 260
Matthew,Williams,41442334,467913,Matthew451@outlook.com,Arthur Street 1291
Mia,Díaz,40053986,470234,Mia452@outlook.com,Van Buren Avenue 2461
Brian,King,42957103,484496,Brian453@hotmail.com,First Avenue 3522
Sebastian,Torres,43163943,439752,Sebastian454@hotmail.com,Truman Street 2272
Daniel,Castro,40291866,433264,Daniel455@gmail.com,Lincoln Street 2787
David,Young,42535099,447091,David456@hotmail.com,Greenwood Avenue 1098
Hannah,Gutiérrez,43278203,457494,Hannah457@gmail.com,Garfield Lane 1466
Alexander,López,41834251,457827,Alexander458@gmail.com,Lakeview Drive 984
Amelia,Gutiérrez,41543900,479689,Amelia459@hotmail.com,Arthur Street 2683
William,Ramírez,41474513,443272,William460@outlook.com,Main Street 3328
Evelyn,Young,41784044,468047,Evelyn461@hotmail.com,Cedar Avenue 1250
Benjamin,Evans,43240963,420105,Benjamin462@gmail.com,Elm Street 1863
Nathan,Thomas,43893513,453425,Nathan463@hotmail.com,Cleveland Avenue 1902
Amelia,García,42268749,475907,Amelia464@outlook.com,Buchanan Street 3247
Madison,Díaz,41237022,453090,Madison465@gmail.com,Arthur Street 597
Emma,Harris,41851694,449946,Emma466@outlook.com,McKinley Street 1877
Logan,Wilson,43957935,472302,Logan467@hotmail.com,Kennedy Avenue 957
Matthew,Adams,40342280,460399,Matthew468@hotmail.com,Park Avenue 1094
Ella,Díaz,41566978,450507,Ella469@outlook.com,Sycamore Street 1881
Eliana,Edwards,41705370,479780,Eliana470@hotmail.com,Maple Avenue 3943
Alexander,Campbell,43604594,486364,Alexander471@gmail.com,Van Buren Avenue 2847
Oliver,Allen,43360269,442006,Oliver472@hotmail.com,Forest Lane 2530
Aiden,Sánchez,43166515,489213,Aiden473@hotmail.com,Hayes Avenue 3460
Isabelle,Thomas,43206386,423314,Isabelle474@outlook.com,Ash Avenue 3688
George,Smith,42928673,477283,George475@hotmail.com,Eisenhower Lane 120
Penelope,López,42847604,456412,Penelope476@gmail.com,Clinton Street 803
Jackson,Díaz,42030519,485850,Jackson477@gmail.com,Hayes Avenue 202
Isabella,Sánchez,42352132,431272,Isabella478@gmail.com,Broadway 3121
Anthony,Walker,43026382,451665,Anthony479@hotmail.com,Hayes Avenue 2094
Mila,Díaz,41049100,450803,Mila480@outlook.com,Garfield Lane 2601
Emily,Gómez,42087283,481515,Emily481@hotmail.com,Park Avenue 927
Dylan,Thomas,41064990,463215,Dylan482@hotmail.com,Main Street 3104
Grace,Gómez,41420861,424344,Grace483@gmail.com,McKinley Street 3117
Aria,Torres,40825743,484643,Aria484@outlook.com,Taft Boulevard 2740
Henry,Scott,42067382,483983,Henry485@gmail.com,Grove Street 760
Tyler,Harris,41916932,431621,Tyler486@gmail.com,Broadway 2451
Ava,Mitchell,42755746,420770,Ava487@gmail.com,Madison Street 1989
Aurora,Gómez,42776089,474558,Aurora488@outlook.com,Fillmore Lane 3524
Austin,Baker,41170189,446358,Austin489@gmail.com,Birch Avenue 170
Willow,Vargas,40045497,471192,Willow490@outlook.com,Elm Street 2201
Robert,Anderson,43551719,429809,Robert491@gmail.com,Jefferson Avenue 3439
Eliana,Baker,40431575,481233,Eliana492@hotmail.com,Pine Street 3202
Hazel,Sánchez,40327225,476747,Hazel493@hotmail.com,Eisenhower Lane 2012
Olivia,Williams,40056806,434894,Olivia494@hotmail.com,Sunset Boulevard 2836
Avery,Torres,43855482,436061,Avery495@gmail.com,Franklin Lane 2379
Elizabeth,Mitchell,43607856,454812,Elizabeth496@hotmail.com,Elm Street 1208
James,Evans,40132268,448083,James497@outlook.com,Eisenhower Lane 1224
Zoe,Gómez,42496938,466107,Zoe498@gmail.com,Hayes Avenue 3677
Aubrey,Martín,41546589,469567,Aubrey499@hotmail.com,Franklin Lane 1973
William,Díaz,40536521,456082,William500@hotmail.com,Adams Street 1330
Brooklyn,Hernández,41994275,431639,Brooklyn501@outlook.com,Kennedy Avenue 837
Aurora,Williams,40956866,486072,Aurora502@hotmail.com,McKinley Street 1539
Ryan,Thomas,42197633,420290,Ryan503@gmail.com,Clinton Street 3659
Charlotte,González,42669408,439218,Charlotte504@hotmail.com,Grant Lane 3866
Stella,García,43259126,429215,Stella505@gmail.com,Cedar Avenue 3089
Ryan,Allen,40483698,439475,Ryan506@outlook.com,Lakeview Drive 2957
Edward,Hernández,43469152,451244,Edward507@outlook.com,Meadow Lane 3201
Austin,Taylor,43176425,487582,Austin508@gmail.com,Hayes Avenue 2106
Austin,Allen,41672120,447418,Austin509@hotmail.com,Kennedy Avenue 2615
Michael,Green,43600262,428955,Michael510@hotmail.com,Willow Street 2898
George,Thomas,41164930,485511,George511@hotmail.com,Lakeview Drive 3717
Nova,González,40980611,436309,Nova512@gmail.com,Taft Boulevard 664
Mila,Gómez,42167089,435689,Mila513@gmail.com,Grant Lane 1831
Tyler,Campbell,40222197,440074,Tyler514@outlook.com,Van Buren Avenue 2147
Michael,Anderson,42412777,478966,Michael515@outlook.com,Forest Lane 2786
David,Vargas,40508173,488894,David516@gmail.com,Chestnut Avenue 2402
Anthony,Williams,43886193,457973,Anthony517@gmail.com,Clinton Street 3721
Noah,Reyes,40617035,481584,Noah518@hotmail.com,Grant Lane 3860
Zoe,Lee,42864773,473668,Zoe519@hotmail.com,Jackson Street 916
Daniel,García,41144609,470526,Daniel520@gmail.com,Jackson Street 1851
Layla,Carter,43617328,458685,Layla521@outlook.com,Meadow Lane 38
Eleanor,Pérez,42751554,444381,Eleanor522@hotmail.com,Park Avenue 3363
Richard,Torres,43627519,443013,Richard523@hotmail.com,Birch Avenue 231
Michael,Hill,40507172,453465,Michael524@hotmail.com,Johnson Drive 3743
Harper,Pérez,40710800,477325,Harper525@outlook.com,Sycamore Street 3991
William,Moore,42553727,476538,William526@hotmail.com,Highland Drive 1877
Isabella,Thompson,40154880,444079,Isabella527@outlook.com,Eisenhower Lane 3507
Joseph,Herrera,41078560,456665,Joseph528@hotmail.com,Kennedy Avenue 149
Samuel,Thompson,42784001,483869,Samuel529@outlook.com,Truman Street 3626
Mason,Hill,43854480,438341,Mason530@gmail.com,Arthur Street 1939
Michael,González,42240612,484291,Michael531@outlook.com,Monroe Avenue 400
Gianna,Martin,41705236,452635,Gianna532@hotmail.com,Grove Street 2058
Brian,González,43847973,476971,Brian533@hotmail.com,Johnson Drive 2383
James,Rodríguez,41224334,481579,James534@hotmail.com,Washington Avenue 3747
Layla,Torres,43761980,483592,Layla535@hotmail.com,Van Buren Avenue 1871
Chloe,Taylor,43127086,459412,Chloe536@outlook.com,Taft Boulevard 2382
Eleanor,Rodríguez,41344866,423844,Eleanor537@hotmail.com,Sycamore Street 3640
Victoria,González,41648092,471026,Victoria538@gmail.com,Lakeview Drive 3226
Leah,Torres,43750811,474274,Leah539@outlook.com,Kennedy Avenue 2840
Logan,Alvarez,43254008,454643,Logan540@hotmail.com,Sunset Boulevard 1356
Sophia,Sánchez,40164080,476761,Sophia541@hotmail.com,Van Buren Avenue 817
Willow,Roberts,42557223,425295,Willow542@hotmail.com,Garfield Lane 581
Isabelle,Anderson,42183614,421134,Isabelle543@hotmail.com,Washington Avenue 2900
Chloe,Harris,41596321,488765,Chloe544@gmail.com,Fillmore Lane 2194
Grace,Brown,43578749,421870,Grace545@gmail.com,Van Buren Avenue 3349
Noah,Alvarez,40739471,437128,Noah546@gmail.com,Johnson Drive 2000
Ava,Díaz,42795867,479490,Ava547@gmail.com,Washington Avenue 306
Eleanor,Pérez,40911992,489545,Eleanor548@outlook.com,Wilson Avenue 1988
Christopher,Torres,42688824,446929,Christopher549@outlook.com,Roosevelt Boulevard 3349
Harper,Anderson,43928876,437552,Harper550@hotmail.com,Hoover Drive 2665
Richard,Martínez,40938222,487083,Richard551@gmail.com,Van Buren Avenue 3089
Mila,Lee,40016315,470126,Mila552@outlook.com,Main Street 680
Ethan,Díaz,40196128,486081,Ethan553@outlook.com,Main Street 2772
William,White,40286678,432299,William554@outlook.com,Buchanan Street 3983
Daniel,Collins,42619268,420683,Daniel555@outlook.com,Cleveland Avenue 3001
Brandon,Díaz,43973560,479301,Brandon556@hotmail.com,Hilltop Drive 3590
Stella,Ruiz,41777274,422931,Stella557@hotmail.com,Park Avenue 7
Jonathan,Ruiz,43289812,475861,Jonathan558@hotmail.com,Fillmore Lane 3825
Everly,López,41003121,445920,Everly559@outlook.com,Fillmore Lane 2130
Kevin,Reyes,43709452,485899,Kevin560@hotmail.com,Taft Boulevard 3841
Luna,Harris,42217439,461795,Luna561@hotmail.com,Buchanan Street 3183
Christopher,Parker,42719547,466477,Christopher562@outlook.com,Johnson Drive 1897
Lucas,Torres,40597183,464671,Lucas563@gmail.com,Pine Street 2959
Zoe,Collins,40677077,424183,Zoe564@gmail.com,Van Buren Avenue 1895
Elizabeth,Taylor,41813185,460370,Elizabeth565@outlook.com,McKinley Street 2116
Camila,González,43053551,453974,Camila566@hotmail.com,Valley View Road 2588
Sebastian,Turner,42200837,424038,Sebastian567@outlook.com,Madison Street 1560
Thomas,Thomas,41203868,424962,Thomas568@outlook.com,Cleveland Avenue 3249
Evan,White,41167835,462092,Evan569@hotmail.com,Arthur Street 1658
Charlotte,Edwards,42121625,420074,Charlotte570@gmail.com,Roosevelt Boulevard 452
George,Mitchell,42732163,441071,George571@outlook.com,Cleveland Avenue 2108
Caleb,Díaz,41848113,481337,Caleb572@hotmail.com,Madison Street 3295
Benjamin,Hill,42650162,473393,Benjamin573@hotmail.com,Willow Street 3411
Isabelle,Fernández,43204469,460621,Isabelle574@outlook.com,Highland Drive 1096
Tyler,González,43925410,451726,Tyler575@hotmail.com,Cleveland Avenue 625
Everly,Stewart,41012866,423381,Everly576@hotmail.com,Roosevelt Boulevard 1862
Emma,Collins,41530186,482888,Emma577@gmail.com,Forest Lane 2389
Daniel,Thomas,43227481,461918,Daniel578@hotmail.com,Roosevelt Boulevard 83
Daniel,Smith,42951363,457199,Daniel579@outlook.com,Hoover Drive 911
Hazel,Díaz,42359990,450322,Hazel580@outlook.com,Oak Street 380
Noah,Harris,43873365,485801,Noah581@outlook.com,Chestnut Avenue 502
Sophia,Thompson,41905088,439525,Sophia582@gmail.com,Truman Street 3128
Aiden,Wright,42380144,422236,Aiden583@gmail.com,Broadway 2613
Nathan,Pérez,42859157,450914,Nathan584@gmail.com,Grant Lane 1882
Ella,Díaz,40782829,435141,Ella585@gmail.com,First Avenue 3268
Edward,Turner,40113804,452408,Edward586@outlook.com,Arthur Street 1622
Camila,Gómez,41320035,464120,Camila587@outlook.com,Broadway 2537
Jackson,Moore,40432037,435327,Jackson588@gmail.com,Jefferson Avenue 3322
Thomas,Díaz,43219409,472771,Thomas589@outlook.com,Birch Avenue 1048
Oliver,Ramírez,43145415,428956,Oliver590@hotmail.com,Cleveland Avenue 2555
Sebastian,Baker,43497286,430595,Sebastian591@hotmail.com,Fillmore Lane 1815
Penelope,Edwards,43533399,473149,Penelope592@hotmail.com,Greenwood Avenue 1222
Eliana,Anderson,43908057,429883,Eliana593@hotmail.com,Wilson Avenue 906
Oliver,Smith,43239842,438352,Oliver594@hotmail.com,Chestnut Avenue 3541
Sofia,González,43016465,437629,Sofia595@hotmail.com,River Road 2078
Chloe,Wilson,43674970,442196,Chloe596@hotmail.com,Cedar Avenue 3657
Elena,Lee,42038749,466567,Elena597@gmail.com,Roosevelt Boulevard 1043
Evelyn,Wilson,40530437,427435,Evelyn598@gmail.com,Pine Street 2322
Zoe,Brown,40332381,423433,Zoe599@gmail.com,Sycamore Street 3945
Zoe,García,43156670,472363,Zoe600@gmail.com,Lincoln Street 120
Alexander,Hernández,40084574,478982,Alexander601@hotmail.com,Lakeview Drive 2862
Alexander,Reyes,43783087,422705,Alexander602@gmail.com,Hoover Drive 1217
Benjamin,Stewart,43572850,463251,Benjamin603@gmail.com,Jackson Street 2259
Ella,Martin,41646935,464061,Ella604@outlook.com,Truman Street 518
Aiden,Martín,43001427,453627,Aiden605@outlook.com,Kennedy Avenue 1467
Justin,Turner,40970985,453372,Justin606@outlook.com,Cedar Avenue 1807
Samuel,Torres,42567429,444633,Samuel607@outlook.com,Adams Street 689
James,Walker,43950285,462396,James608@hotmail.com,Monroe Avenue 3657
Sofia,García,42685740,486527,Sofia609@hotmail.com,Truman Street 2814
Jonathan,Sánchez,41903564,461846,Jonathan610@gmail.com,Birch Avenue 2707
Harper,Hernández,42039090,436908,Harper611@gmail.com,Roosevelt Boulevard 676
James,Gutiérrez,43679369,474735,James612@gmail.com,Chestnut Avenue 3099
Chloe,García,43449120,454262,Chloe613@hotmail.com,Hilltop Drive 1849
Violet,Hernández,40529318,424784,Violet614@outlook.com,Greenwood Avenue 3515
Scarlett,Carter,41101795,471399,Scarlett615@gmail.com,Lincoln Street 1333
Evelyn,Ruiz,42802997,454113,Evelyn616@hotmail.com,Jackson Street 1301
Madison,Baker,43647509,446877,Madison617@hotmail.com,Arthur Street 1368
Lillian,García,42298264,464651,Lillian618@hotmail.com,Sycamore Street 1456
Richard,Moore,42795531,430026,Richard619@hotmail.com,Roosevelt Boulevard 2607
Eleanor,González,42604265,470337,Eleanor620@hotmail.com,Arthur Street 257
Nathan,King,40311263,482818,Nathan621@outlook.com,Garfield Lane 3983
Layla,Vásquez,41644321,459055,Layla622@gmail.com,Lincoln Street 994
Emily,Sánchez,43217057,480578,Emily623@gmail.com,Valley View Road 585
Olivia,Reyes,42481903,422305,Olivia624@outlook.com,Buchanan Street 2419
Jacob,López,42684467,464759,Jacob625@gmail.com,Maple Avenue 499
Kevin,Martín,42423607,430010,Kevin626@outlook.com,Chestnut Avenue 1712
Nova,López,41043897,467390,Nova627@outlook.com,Taft Boulevard 3375
Hazel,Díaz,41154642,454739,Hazel628@hotmail.com,Park Avenue 2083
Olivia,Alvarez,40514528,464113,Olivia629@gmail.com,Willow Street 2428
Michael,Reyes,40275810,479543,Michael630@gmail.com,Park Avenue 3104
Michael,Campbell,43045097,432293,Michael631@hotmail.com,Hoover Drive 3527
Brandon,Smith,43718074,423951,Brandon632@hotmail.com,Highland Drive 1522
Ryan,Adams,40331456,445660,Ryan633@gmail.com,Chestnut Avenue 3348
Nathan,Stewart,40627543,461400,Nathan634@gmail.com,Maple Avenue 530
Sebastian,Mitchell,41255904,482994,Sebastian635@outlook.com,Chestnut Avenue 2662
Stella,Thompson,42802200,465867,Stella636@gmail.com,Adams Street 835
Scarlett,Wright,41584671,420667,Scarlett637@hotmail.com,Maple Avenue 3263
Willow,King,40701676,426822,Willow638@gmail.com,Willow Street 3036
Penelope,Fernández,40884533,455776,Penelope639@hotmail.com,Fillmore Lane 875
Abigail,Brown,43224307,478518,Abigail640@gmail.com,Taft Boulevard 3556
Amelia,Parker,42597309,474581,Amelia641@gmail.com,Grant Lane 3159
Alexander,Johnson,41213642,474850,Alexander642@hotmail.com,River Road 3761
Aubrey,Gutiérrez,40714266,430955,Aubrey643@hotmail.com,McKinley Street 314
Lily,Pérez,40887469,424584,Lily644@outlook.com,Johnson Drive 2351
Sofia,Hall,41881700,441578,Sofia645@gmail.com,Cedar Avenue 451
George,Pérez,42588264,483228,George646@gmail.com,Van Buren Avenue 3542
Lucas,Martín,41001551,468093,Lucas647@gmail.com,Chestnut Avenue 2797
Lucy,Torres,43494803,471284,Lucy648@outlook.com,Jackson Street 2984
Matthew,Reyes,43342291,425659,Matthew649@hotmail.com,First Avenue 1336
Hannah,Díaz,43476200,421269,Hannah650@gmail.com,Sycamore Street 665
Sofia,Castro,40773261,464918,Sofia651@outlook.com,Fillmore Lane 3294
Elizabeth,Castro,42100181,480492,Elizabeth652@outlook.com,Meadow Lane 3835
Chloe,Gómez,42899606,486699,Chloe653@gmail.com,Franklin Lane 295
Daniel,Díaz,43000027,442963,Daniel654@outlook.com,Lincoln Street 7
Oliver,Campbell,41098285,474480,Oliver655@outlook.com,Hoover Drive 1799
Harper,Martin,40932873,472417,Harper656@gmail.com,Eisenhower Lane 1758
Elena,White,42881112,421747,Elena657@gmail.com,Main Street 2316
Aiden,Nelson,41499094,453687,Aiden658@outlook.com,Pine Street 1785
Olivia,Sánchez,43930162,438858,Olivia659@outlook.com,Eisenhower Lane 3242
Nicholas,Thompson,41083604,489604,Nicholas660@gmail.com,Jackson Street 2033
Evan,Jackson,41058686,422898,Evan661@outlook.com,Buchanan Street 2281
Hazel,Herrera,43261953,443848,Hazel662@outlook.com,Truman Street 363
Ryan,Gutiérrez,43958245,454842,Ryan663@gmail.com,Maple Avenue 2019
Joseph,Brown,43425215,462477,Joseph664@hotmail.com,McKinley Street 3957
Avery,Lee,40745542,462501,Avery665@gmail.com,Sunset Boulevard 60
Stella,Stewart,41945083,447009,Stella666@hotmail.com,Madison Street 1675
Avery,Adams,40647651,464172,Avery667@outlook.com,Park Avenue 2979
Aria,Walker,43260573,474470,Aria668@hotmail.com,Meadow Lane 541
John,Ramírez,40075176,459503,John669@gmail.com,Sunset Boulevard 569
Aria,Díaz,43100159,464920,Aria670@outlook.com,Pine Street 935
Amelia,Thomas,43734812,449330,Amelia671@hotmail.com,Forest Lane 618
Alexander,Martín,42485641,467388,Alexander672@hotmail.com,Valley View Road 1024
Willow,Lee,41022644,426101,Willow673@gmail.com,Main Street 877
Ethan,Díaz,43751406,462334,Ethan674@outlook.com,Sycamore Street 1050
Nora,Thompson,42223673,484536,Nora675@gmail.com,Fillmore Lane 3717
Nova,Baker,42726445,487487,Nova676@gmail.com,Jefferson Avenue 3292
David,Torres,42263006,485729,David677@hotmail.com,Arthur Street 2859
Nicholas,Torres,41352724,452876,Nicholas678@outlook.com,Van Buren Avenue 2588
Isabella,Young,40081753,474944,Isabella679@gmail.com,Roosevelt Boulevard 1275
George,Sánchez,42482898,433891,George680@gmail.com,Eisenhower Lane 1162
Henry,Hall,42049142,454890,Henry681@outlook.com,Pine Street 1172
Lucas,Torres,40338602,427360,Lucas682@outlook.com,Kennedy Avenue 3785
Samuel,Díaz,43668607,458771,Samuel683@outlook.com,Eisenhower Lane 3028
Mia,Díaz,41251453,424665,Mia684@hotmail.com,Arthur Street 796
Justin,González,42499050,446115,Justin685@gmail.com,Willow Street 1273
Emma,Young,42243709,462155,Emma686@outlook.com,Adams Street 1248
Brooklyn,Davis,43433436,471920,Brooklyn687@gmail.com,Sunset Boulevard 3445
Nathan,Taylor,42986109,430001,Nathan688@gmail.com,Adams Street 1843
Edward,Edwards,40400403,464176,Edward689@outlook.com,Jackson Street 3133
Isabella,Pérez,40154352,477379,Isabella690@hotmail.com,Fillmore Lane 3121
Eliana,Stewart,43393591,465196,Eliana691@outlook.com,Jackson Street 3327
Michael,Ruiz,40565697,452148,Michael692@outlook.com,Grant Lane 1751
James,Stewart,43040453,465957,James693@hotmail.com,Cedar Avenue 3907
Charlotte,Brown,41484369,476098,Charlotte694@hotmail.com,Broadway 3448
Daniel,Sánchez,43781155,464176,Daniel695@gmail.com,Wilson Avenue 1808
Layla,Scott,40859256,451372,Layla696@outlook.com,River Road 1295
Scarlett,Díaz,40619036,420811,Scarlett697@gmail.com,Jefferson Avenue 1812
Nicholas,Torres,40364384,445155,Nicholas698@outlook.com,Johnson Drive 3849
Kevin,Pérez,40033154,478501,Kevin699@hotmail.com,Grove Street 3063
Jackson,Jackson,40440424,441546,Jackson700@gmail.com,First Avenue 2564
Justin,Díaz,43985536,444824,Justin701@gmail.com,Broadway 3015
Aurora,Walker,40296388,444330,Aurora702@hotmail.com,Willow Street 1691
David,Díaz,42571862,449198,David703@hotmail.com,Hayes Avenue 1575
Olivia,Martin,43582310,465212,Olivia704@outlook.com,Elm Street 1055
Gianna,Baker,40808607,447278,Gianna705@hotmail.com,Hayes Avenue 524
William,Torres,42392756,469326,William706@gmail.com,Pine Street 2621
Jackson,Brown,43072279,444165,Jackson707@outlook.com,Grant Lane 1159
Daniel,González,41717097,448771,Daniel708@outlook.com,Hoover Drive 3225
Nora,Gómez,42686500,466602,Nora709@outlook.com,Madison Street 3268
Benjamin,Miller,43503555,423695,Benjamin710@outlook.com,Valley View Road 1514
Hannah,Stewart,40602112,452952,Hannah711@hotmail.com,First Avenue 989
Layla,Ruiz,41036806,452255,Layla712@outlook.com,Valley View Road 973
Aubrey,López,40556285,465584,Aubrey713@gmail.com,Meadow Lane 531
Michael,Pérez,43213796,446345,Michael714@hotmail.com,Clinton Street 14
Isabelle,King,43570096,463348,Isabelle715@hotmail.com,Jefferson Avenue 1549
Leah,Thompson,43032746,454895,Leah716@gmail.com,Arthur Street 260
Leah,Morales,42209557,463012,Leah717@outlook.com,Van Buren Avenue 2381
Emily,González,42898809,434873,Emily718@gmail.com,Forest Lane 1271
Michael,Torres,40114618,478907,Michael719@outlook.com,Truman Street 2680
Everly,Torres,41139896,484830,Everly720@gmail.com,Franklin Lane 1858
Elijah,Díaz,40197537,457295,Elijah721@outlook.com,Garfield Lane 2365
Everly,Gómez,40842188,472783,Everly722@outlook.com,Willow Street 2680
Violet,Adams,41740771,489826,Violet723@outlook.com,Franklin Lane 2911
Violet,Baker,42454657,432506,Violet724@gmail.com,Fillmore Lane 2958
Noah,Rodríguez,42850584,444450,Noah725@gmail.com,Valley View Road 3844
Elizabeth,Allen,41584990,477723,Elizabeth726@gmail.com,Sunset Boulevard 3398
Oliver,Díaz,43017316,489534,Oliver727@gmail.com,Lincoln Street 3124
Daniel,Gutiérrez,41573437,433374,Daniel728@gmail.com,Franklin Lane 73
Aria,Vásquez,43109269,437976,Aria729@hotmail.com,Kennedy Avenue 388
Amelia,Collins,42020010,430342,Amelia730@outlook.com,Washington Avenue 1309
Nathan,Gómez,42117430,478262,Nathan731@outlook.com,Cedar Avenue 2957
Aurora,Davis,43427982,452808,Aurora732@gmail.com,Forest Lane 2653
Michael,López,42540616,466504,Michael733@gmail.com,Washington Avenue 3199
Nicholas,Ruiz,40608924,437860,Nicholas734@gmail.com,Arthur Street 2623
Elijah,Edwards,43687560,449404,Elijah735@gmail.com,Greenwood Avenue 1502
David,Gutiérrez,42790019,444814,David736@hotmail.com,Jefferson Avenue 558
Kevin,Morales,43752729,464308,Kevin737@hotmail.com,Oak Street 2452
Robert,Fernández,42925178,434852,Robert738@outlook.com,Hilltop Drive 250
Christopher,Lee,43449063,484455,Christopher739@gmail.com,Greenwood Avenue 1024
Austin,Sánchez,43015802,456013,Austin740@outlook.com,Lincoln Street 1226
Thomas,Jones,43158067,459633,Thomas741@hotmail.com,Grove Street 512
Victoria,Pérez,41067725,445444,Victoria742@gmail.com,River Road 3221
Daniel,Campbell,41164835,431280,Daniel743@gmail.com,Adams Street 3214
Aubrey,García,41097716,475230,Aubrey744@outlook.com,Hayes Avenue 36
Hazel,Rodríguez,43145193,423213,Hazel745@outlook.com,Roosevelt Boulevard 744
Charlotte,González,41189007,487694,Charlotte746@outlook.com,Willow Street 3816
David,Miller,43933317,427827,David747@outlook.com,Lakeview Drive 2887
Mason,Fernández,43945909,460188,Mason748@gmail.com,Ash Avenue 3095
Penelope,Miller,42414983,428948,Penelope749@hotmail.com,Birch Avenue 3294
Dylan,Herrera,40746470,452011,Dylan750@outlook.com,Park Avenue 1606
Brian,Herrera,43138318,482404,Brian751@hotmail.com,Pine Street 3549
Abigail,Reyes,42121806,439905,Abigail752@outlook.com,Sycamore Street 1381
Emily,King,40866340,425122,Emily753@gmail.com,Fillmore Lane 1229
Robert,Pérez,42744177,425721,Robert754@outlook.com,Roosevelt Boulevard 155
Noah,White,42302166,488210,Noah755@outlook.com,Greenwood Avenue 1518
Henry,Gómez,41261522,476073,Henry756@gmail.com,Van Buren Avenue 1735
Evan,Gutiérrez,42097307,444987,Evan757@outlook.com,Elm Street 536
Mila,Roberts,43084673,440048,Mila758@outlook.com,Clinton Street 1380
Benjamin,Carter,41165965,428435,Benjamin759@outlook.com,Monroe Avenue 2217
Ella,Carter,42528720,472628,Ella760@gmail.com,Valley View Road 2693
Michael,Gutiérrez,43564652,486063,Michael761@gmail.com,Lincoln Street 1844
Mason,Pérez,41168626,445248,Mason762@hotmail.com,Washington Avenue 432
Matthew,Morales,43168479,489988,Matthew763@outlook.com,Roosevelt Boulevard 739
Matthew,Walker,40740543,483646,Matthew764@gmail.com,Lincoln Street 224
Eliana,Rodríguez,40307113,473085,Eliana765@outlook.com,First Avenue 3506
Mila,Díaz,40229326,427217,Mila766@outlook.com,Grove Street 2249
Emma,Gómez,43916916,472319,Emma767@gmail.com,Sunset Boulevard 1915
Grace,Pérez,42880919,482260,Grace768@gmail.com,Grove Street 1337
Aubrey,Morales,40193277,463442,Aubrey769@hotmail.com,Jackson Street 991
Evan,García,41075469,426973,Evan770@outlook.com,Eisenhower Lane 2305
Aria,Díaz,42562138,427388,Aria771@hotmail.com,McKinley Street 2701
James,Díaz,43931446,467153,James772@hotmail.com,Roosevelt Boulevard 3202
Olivia,Alvarez,43307635,454736,Olivia773@outlook.com,Sunset Boulevard 1246
Evelyn,Gómez,41810857,426163,Evelyn774@outlook.com,Adams Street 1519
Thomas,Harris,40618295,470321,Thomas775@gmail.com,Ash Avenue 1193
Joseph,Ruiz,42421601,441027,Joseph776@outlook.com,Elm Street 317
Stella,Baker,41451234,443929,Stella777@gmail.com,Hilltop Drive 846
Nora,Ruiz,42549232,486526,Nora778@outlook.com,Maple Avenue 358
Hazel,López,41976309,438101,Hazel779@gmail.com,Highland Drive 1021
Violet,Gómez,41259269,461664,Violet780@outlook.com,Highland Drive 3220
Brandon,Thompson,43575886,425462,Brandon781@gmail.com,Franklin Lane 1455
Thomas,Torres,41907162,465812,Thomas782@gmail.com,Willow Street 3650
Amelia,Collins,40577690,449552,Amelia783@outlook.com,Highland Drive 2844
Mia,Carter,42756121,469487,Mia784@outlook.com,Wilson Avenue 1625
Michael,Young,40381919,423281,Michael785@hotmail.com,Forest Lane 3757
Elizabeth,Gómez,40479653,474313,Elizabeth786@hotmail.com,Taft Boulevard 2016
Jackson,Gómez,40429639,463674,Jackson787@hotmail.com,Madison Street 702
Sophia,Gutiérrez,43904693,468482,Sophia788@outlook.com,Truman Street 1604
Hazel,Rodríguez,40317106,420708,Hazel789@hotmail.com,Oak Street 3093
Oliver,López,43107280,486006,Oliver790@hotmail.com,Eisenhower Lane 3790
Charlotte,Wright,40653980,441395,Charlotte791@hotmail.com,Madison Street 876
Willow,Young,43398719,440921,Willow792@gmail.com,Van Buren Avenue 194
Evan,Torres,40648348,481923,Evan793@hotmail.com,Garfield Lane 1165
Justin,Stewart,42985277,457738,Justin794@gmail.com,Roosevelt Boulevard 2084
Andrew,Edwards,43635064,481548,Andrew795@gmail.com,Elm Street 3632
Amelia,Green,42654717,484138,Amelia796@hotmail.com,Ash Avenue 3919
Camila,Sánchez,40810616,422805,Camila797@hotmail.com,Chestnut Avenue 1568
Andrew,Turner,41762244,448283,Andrew798@outlook.com,Cleveland Avenue 3385
Lily,Morales,43179953,481287,Lily799@outlook.com,Broadway 1868
Violet,Campbell,42028309,486773,Violet800@outlook.com,Johnson Drive 2364
Aiden,Thompson,40980199,458857,Aiden801@outlook.com,Ash Avenue 30
Charles,Gómez,41660354,466851,Charles802@outlook.com,McKinley Street 1153
Gianna,Rodríguez,43095306,482172,Gianna803@gmail.com,Johnson Drive 3108
John,Williams,42564599,453207,John804@hotmail.com,River Road 2240
Willow,Gómez,40051354,422830,Willow805@outlook.com,Wilson Avenue 1753
Isabelle,Walker,43635810,441244,Isabelle806@outlook.com,Chestnut Avenue 1803
David,Moore,40720537,482732,David807@outlook.com,Adams Street 2369
Elizabeth,Hernández,43259921,457971,Elizabeth808@hotmail.com,Greenwood Avenue 3952
Ryan,Gómez,40170664,449511,Ryan809@hotmail.com,Hoover Drive 545
William,Díaz,41396305,428808,William810@hotmail.com,Sunset Boulevard 3176
Everly,Williams,43371005,420669,Everly811@outlook.com,Lincoln Street 1365
Thomas,Mitchell,40324695,421665,Thomas812@outlook.com,Clinton Street 1822
Brandon,Pérez,41313572,471642,Brandon813@hotmail.com,Lincoln Street 1924
Ethan,Johnson,42560909,425809,Ethan814@hotmail.com,Willow Street 216
Noah,Gutiérrez,41073847,455828,Noah815@gmail.com,Arthur Street 2048
Olivia,Reyes,40730463,424685,Olivia816@outlook.com,Meadow Lane 2650
Aubrey,Rodríguez,43078126,478708,Aubrey817@outlook.com,Grove Street 3461
Samuel,Thomas,42947373,475104,Samuel818@gmail.com,Jefferson Avenue 2384
Caleb,Phillips,43949860,486013,Caleb819@gmail.com,Garfield Lane 3658
Alexander,Sánchez,43644006,423103,Alexander820@outlook.com,Willow Street 897
Benjamin,Pérez,41955195,446599,Benjamin821@gmail.com,Birch Avenue 3203
Michael,Hernández,40056164,476501,Michael822@gmail.com,Valley View Road 844
Ethan,Collins,41318384,446181,Ethan823@gmail.com,Birch Avenue 91
Hazel,Torres,43593965,436785,Hazel824@outlook.com,Ash Avenue 1842
Oliver,Ruiz,41350918,478949,Oliver825@hotmail.com,Valley View Road 3035
Ryan,Vásquez,43071433,452476,Ryan826@outlook.com,Pine Street 2019
Sebastian,Gutiérrez,41047800,453788,Sebastian827@hotmail.com,Greenwood Avenue 3657
Elena,Ruiz,43966460,477175,Elena828@gmail.com,Park Avenue 3201
Michael,Davis,40324232,467440,Michael829@gmail.com,Kennedy Avenue 604
Daniel,Brown,41281432,441367,Daniel830@hotmail.com,Grant Lane 3026
Aria,Smith,41231649,471302,Aria831@hotmail.com,Grant Lane 336
Alexander,Thomas,43291929,464894,Alexander832@gmail.com,Ash Avenue 3267
Kevin,Rodríguez,40099046,430302,Kevin833@outlook.com,Eisenhower Lane 3216
Scarlett,Martin,42614593,469111,Scarlett834@gmail.com,Hoover Drive 722
Brandon,Walker,41464922,448736,Brandon835@gmail.com,Hoover Drive 3077
Evan,Díaz,42171301,445526,Evan836@outlook.com,Hoover Drive 2148
Aria,Walker,40484686,462478,Aria837@gmail.com,Willow Street 1346
Nathan,Pérez,41070526,442104,Nathan838@gmail.com,Park Avenue 3459
Harper,King,41372355,434636,Harper839@gmail.com,Hoover Drive 2248
Elena,Collins,41675096,445911,Elena840@gmail.com,Ash Avenue 1786
Joseph,Gómez,40533665,475621,Joseph841@gmail.com,Sycamore Street 411
Aurora,Nelson,43514534,476899,Aurora842@hotmail.com,Pine Street 3520
Caleb,Díaz,41293149,472074,Caleb843@outlook.com,Eisenhower Lane 2010
Tyler,Reyes,41117946,460408,Tyler844@hotmail.com,Monroe Avenue 3349
Jonathan,Gómez,41913990,442541,Jonathan845@hotmail.com,Washington Avenue 226
Sophia,Wilson,42940766,438252,Sophia846@gmail.com,Buchanan Street 1374
Penelope,Hernández,43184693,422966,Penelope847@gmail.com,Pine Street 1619
Aria,Allen,43562572,435138,Aria848@hotmail.com,Franklin Lane 80
Ella,Díaz,41348799,480430,Ella849@outlook.com,Van Buren Avenue 1700
Elizabeth,Baker,41570573,446151,Elizabeth850@gmail.com,Sycamore Street 1907
Samuel,Anderson,40221867,446591,Samuel851@gmail.com,Cleveland Avenue 2157
Joseph,Torres,40470879,434920,Joseph852@hotmail.com,Arthur Street 63
Thomas,Nelson,41249636,453662,Thomas853@gmail.com,Roosevelt Boulevard 1667
Liam,Alvarez,41708698,488714,Liam854@hotmail.com,Garfield Lane 663
Oliver,Pérez,41109106,447794,Oliver855@gmail.com,First Avenue 2803
Aubrey,Scott,40672700,423449,Aubrey856@gmail.com,Cleveland Avenue 3444
Grace,Davis,42092310,449343,Grace857@gmail.com,Main Street 3554
Oliver,Hall,42652646,468417,Oliver858@outlook.com,Arthur Street 2057
Zoe,Lee,42603028,426783,Zoe859@hotmail.com,Maple Avenue 1297
Kevin,Brown,40418329,434203,Kevin860@gmail.com,Birch Avenue 1213
Avery,Ruiz,43835588,443236,Avery861@outlook.com,Cleveland Avenue 964
Elena,Pérez,42291340,420280,Elena862@hotmail.com,Main Street 3778
Mason,Sánchez,41715186,424467,Mason863@gmail.com,Cleveland Avenue 991
Grace,Sánchez,43096249,452813,Grace864@outlook.com,Birch Avenue 919
Lillian,Morales,42057072,446358,Lillian865@hotmail.com,Valley View Road 665
Stella,Castro,42172103,426469,Stella866@gmail.com,McKinley Street 3943
Alexander,Rodríguez,41608560,436494,Alexander867@gmail.com,First Avenue 24
Isabella,Stewart,41341573,462809,Isabella868@gmail.com,Fillmore Lane 3892
Kevin,Reyes,43797263,454009,Kevin869@outlook.com,Sycamore Street 3147
Aubrey,Díaz,40140735,471732,Aubrey870@outlook.com,Forest Lane 3266
Eleanor,Torres,40271905,467691,Eleanor871@outlook.com,Fillmore Lane 3778
Layla,Miller,40234729,453059,Layla872@outlook.com,Adams Street 837
Grace,Carter,40963712,431259,Grace873@outlook.com,Birch Avenue 2400
Aiden,White,42689567,432846,Aiden874@hotmail.com,Franklin Lane 642
Richard,Young,42890653,485429,Richard875@outlook.com,Wilson Avenue 2670
Logan,Reyes,43547101,433068,Logan876@gmail.com,Maple Avenue 3205
Stella,Pérez,43714692,453869,Stella877@outlook.com,Wilson Avenue 3322
Mia,Stewart,40796162,463480,Mia878@gmail.com,Ash Avenue 303
Ella,Carter,41862246,445697,Ella879@outlook.com,Adams Street 79
Lucas,Torres,40444667,448670,Lucas880@gmail.com,Lakeview Drive 2965
Layla,Ruiz,42854858,469370,Layla881@outlook.com,Lakeview Drive 1087
Penelope,Thompson,42800463,462468,Penelope882@hotmail.com,Grove Street 2928
Tyler,Moore,42940470,452210,Tyler883@hotmail.com,Hilltop Drive 107
John,Stewart,41427452,434471,John884@gmail.com,Ash Avenue 1322
Avery,Ruiz,42649611,484413,Avery885@gmail.com,Valley View Road 3910
Kevin,Sánchez,43271310,486322,Kevin886@outlook.com,Garfield Lane 55
John,Jones,40453340,421163,John887@outlook.com,Chestnut Avenue 985
Camila,Gómez,43392141,478553,Camila888@outlook.com,Arthur Street 2704
Lillian,Sánchez,42985672,476247,Lillian889@gmail.com,Truman Street 681
Edward,Miller,42265461,449194,Edward890@hotmail.com,Johnson Drive 792
Evelyn,Sánchez,40292362,472860,Evelyn891@hotmail.com,Madison Street 2907
Liam,Ruiz,42048025,483531,Liam892@gmail.com,First Avenue 919
Kevin,Vargas,40472555,485927,Kevin893@hotmail.com,Franklin Lane 1110
Nora,Collins,40890527,459980,Nora894@gmail.com,Elm Street 960
Ella,Walker,40469080,458770,Ella895@outlook.com,Broadway 832
Ryan,Díaz,43306815,443646,Ryan896@hotmail.com,Roosevelt Boulevard 2610
Nora,Díaz,41078726,484664,Nora897@outlook.com,Lakeview Drive 3569
Brooklyn,Díaz,43704374,473572,Brooklyn898@gmail.com,Lakeview Drive 19
Kevin,Williams,42896906,431308,Kevin899@hotmail.com,Ash Avenue 1987
Amelia,González,40327108,441585,Amelia900@hotmail.com,Washington Avenue 1640
Aubrey,Thompson,41683043,447639,Aubrey901@hotmail.com,Arthur Street 1654
Daniel,Hall,41390621,431166,Daniel902@gmail.com,Maple Avenue 2747
Austin,Collins,42687873,424532,Austin903@hotmail.com,Clinton Street 3379
Mia,Edwards,42334743,477866,Mia904@hotmail.com,Ash Avenue 2507
Aurora,Stewart,43936513,425571,Aurora905@hotmail.com,Buchanan Street 3286
Elena,López,41834755,423052,Elena906@hotmail.com,Pine Street 2250
Grace,Díaz,42179805,442833,Grace907@hotmail.com,Main Street 736
Aria,Díaz,40768660,435329,Aria908@hotmail.com,Elm Street 3177
Noah,Young,40851680,434437,Noah909@hotmail.com,Grant Lane 2189
Daniel,Sánchez,42228149,466815,Daniel910@gmail.com,First Avenue 2889
Samuel,González,40301002,485314,Samuel911@hotmail.com,Hilltop Drive 3665
Stella,Moore,41680137,432175,Stella912@outlook.com,Van Buren Avenue 1048
Evelyn,Sánchez,43138912,425155,Evelyn913@hotmail.com,Wilson Avenue 3697
Layla,López,42436544,434368,Layla914@outlook.com,McKinley Street 1745
Nova,Torres,40557111,435610,Nova915@outlook.com,Oak Street 489
Jonathan,Hill,42563040,480437,Jonathan916@outlook.com,Madison Street 731
Charles,López,42341956,430182,Charles917@gmail.com,Cleveland Avenue 1205
Lily,Martínez,40834090,450717,Lily918@gmail.com,Oak Street 1225
Matthew,Nelson,41311233,459436,Matthew919@hotmail.com,Birch Avenue 868
David,Reyes,40182191,457312,David920@outlook.com,Washington Avenue 2439
Oliver,Díaz,43063430,463651,Oliver921@hotmail.com,Johnson Drive 2039
Joseph,Pérez,43464229,460259,Joseph922@hotmail.com,McKinley Street 3879
Camila,Morales,43097362,486234,Camila923@hotmail.com,Cedar Avenue 680
Nicholas,Miller,43275350,466424,Nicholas924@outlook.com,Jackson Street 1937
Logan,Díaz,40401551,483447,Logan925@gmail.com,Greenwood Avenue 3972
Grace,Stewart,42730149,450434,Grace926@gmail.com,Jefferson Avenue 479
Avery,Wright,42330022,467366,Avery927@hotmail.com,Adams Street 2626
Sofia,Gómez,41659153,485846,Sofia928@outlook.com,Highland Drive 605
Noah,Scott,40072397,480056,Noah929@outlook.com,Van Buren Avenue 336
Michael,Morales,42784609,453905,Michael930@hotmail.com,Adams Street 1292
Thomas,Reyes,41863723,442714,Thomas931@hotmail.com,Willow Street 1440
Edward,Moore,43916921,430171,Edward932@hotmail.com,Cleveland Avenue 3223
Madison,Smith,42806573,483611,Madison933@outlook.com,Truman Street 534
Jacob,Pérez,40819922,484056,Jacob934@gmail.com,First Avenue 3698
Grace,Díaz,42066990,486918,Grace935@outlook.com,Cleveland Avenue 881
David,Moore,42751369,432806,David936@outlook.com,River Road 549
Nora,López,40861417,433891,Nora937@gmail.com,Park Avenue 26
Eliana,Carter,41821868,436393,Eliana938@hotmail.com,Cedar Avenue 2036
Aubrey,Gutiérrez,42473504,421762,Aubrey939@hotmail.com,Cleveland Avenue 3633
Charles,Fernández,41194815,425820,Charles940@hotmail.com,Monroe Avenue 2713
Justin,García,40358308,440827,Justin941@outlook.com,Pine Street 920
Liam,Harris,43479624,466722,Liam942@gmail.com,Fillmore Lane 2457
Elena,Evans,41637908,441346,Elena943@gmail.com,First Avenue 544
Lillian,Ruiz,40092062,422599,Lillian944@outlook.com,Valley View Road 1332
Isabelle,Sánchez,42540694,451680,Isabelle945@gmail.com,Adams Street 1642
Joseph,Hernández,40863663,433001,Joseph946@gmail.com,Grant Lane 1802
Justin,Johnson,40913882,466539,Justin947@gmail.com,Madison Street 1073
Lily,Díaz,41531634,448276,Lily948@outlook.com,Highland Drive 1624
Olivia,Rodríguez,40217329,474386,Olivia949@outlook.com,Birch Avenue 150
Emily,Díaz,40472493,425117,Emily950@hotmail.com,Sycamore Street 1588
Luna,Castro,43664897,454775,Luna951@hotmail.com,Cedar Avenue 863
Anthony,Martínez,43564712,426952,Anthony952@gmail.com,Truman Street 1566
Isabelle,Ramírez,43176132,448005,Isabelle953@outlook.com,McKinley Street 2878
Lucas,Mitchell,43328373,470184,Lucas954@gmail.com,Jefferson Avenue 2280
Lily,Rodríguez,42695918,460968,Lily955@hotmail.com,Valley View Road 942
Zoe,Parker,42254686,439639,Zoe956@outlook.com,Park Avenue 2152
Abigail,Reyes,40717574,466994,Abigail957@gmail.com,Lakeview Drive 48
Mila,Davis,43493143,436866,Mila958@gmail.com,Madison Street 2416
James,Adams,42325472,468091,James959@gmail.com,Franklin Lane 1767
Ava,Wright,42178370,468727,Ava960@gmail.com,Lakeview Drive 741
Mia,Fernández,42571315,477048,Mia961@gmail.com,Park Avenue 1257
Aria,Gómez,43593947,427935,Aria962@gmail.com,Main Street 2513
Olivia,Pérez,42747679,451388,Olivia963@hotmail.com,Grove Street 3870
David,Mitchell,43944346,441566,David964@outlook.com,Grove Street 648
Caleb,Hall,43233713,436361,Caleb965@outlook.com,Taft Boulevard 2239
Abigail,Gómez,43049660,467460,Abigail966@gmail.com,Johnson Drive 647
Camila,Allen,42495742,446219,Camila967@hotmail.com,Jefferson Avenue 3583
Ryan,Hill,40853282,428723,Ryan968@gmail.com,Sycamore Street 3903
Brandon,Nelson,42908580,459111,Brandon969@outlook.com,Jefferson Avenue 3787
Tyler,Carter,43683408,431111,Tyler970@outlook.com,Adams Street 1641
Sophia,Williams,42493621,453843,Sophia971@hotmail.com,Meadow Lane 1223
Nora,González,42266947,430131,Nora972@gmail.com,McKinley Street 921
Hannah,Parker,40502770,479746,Hannah973@hotmail.com,Roosevelt Boulevard 3882
Justin,García,41116149,457525,Justin974@gmail.com,First Avenue 2545
Anthony,Díaz,40459643,465349,Anthony975@hotmail.com,Wilson Avenue 1016
Jacob,Morales,41681187,421729,Jacob976@outlook.com,Willow Street 130
Brian,Johnson,40278118,428280,Brian977@gmail.com,Kennedy Avenue 3231
Samuel,Young,41931070,431321,Samuel978@outlook.com,Adams Street 929
Ava,Green,42187920,447824,Ava979@outlook.com,Lincoln Street 657
Ella,Díaz,43235909,425352,Ella980@hotmail.com,Roosevelt Boulevard 681
Eliana,Hill,42277331,441606,Eliana981@hotmail.com,Greenwood Avenue 1583
Liam,Hernández,41119550,439759,Liam982@hotmail.com,Meadow Lane 1657
Lucas,Martínez,42501425,471114,Lucas983@hotmail.com,McKinley Street 2526
Evelyn,González,42181174,428132,Evelyn984@gmail.com,Valley View Road 3541
Camila,Díaz,43366784,487047,Camila985@gmail.com,Truman Street 3812
Matthew,Gutiérrez,41791961,442687,Matthew986@hotmail.com,Grove Street 2703
Chloe,Rodríguez,41846261,480471,Chloe987@gmail.com,River Road 2164
Hazel,Thompson,42148959,450619,Hazel988@hotmail.com,Johnson Drive 3191
Brian,Gutiérrez,41913014,466029,Brian989@gmail.com,Maple Avenue 3353
Jonathan,Taylor,41213713,474222,Jonathan990@outlook.com,Oak Street 3574
Edward,Torres,43575054,488655,Edward991@outlook.com,Monroe Avenue 1185
Lucas,Johnson,42548934,450486,Lucas992@hotmail.com,Clinton Street 1575
William,Díaz,40469520,464362,William993@gmail.com,Garfield Lane 3306
Edward,Reyes,42239254,422470,Edward994@outlook.com,Adams Street 602
Avery,Díaz,40967865,479619,Avery995@hotmail.com,Cedar Avenue 1759
Aubrey,Evans,40742707,428845,Aubrey996@gmail.com,Elm Street 2633
Harper,Fernández,41524580,424473,Harper997@hotmail.com,Roosevelt Boulevard 3780
Anthony,Pérez,43009049,444742,Anthony998@gmail.com,Highland Drive 2692
James,Campbell,40589179,425443,James999@hotmail.com,Washington Avenue 3741
